Proposal_ID,Client_Industry,Existing_Client,Deal_Size_USD,Competing_Bidders,Discount_Offered_Pct,Relationship_Strength_Score,Prep_Lead_Time_Days,Won
BID-2001,Healthcare,Yes,71702,6,0.232,2,31,Yes
BID-2002,Finance,Yes,68745,6,0.214,5,27,Yes
BID-2003,Manufacturing,Yes,19066,4,0.028,3,17,Yes
BID-2004,  finance ,No,12000,6,0.179,2,4,No
BID-2005,Finance,Yes,51502,3,0.199,3,29,Yes
BID-2006,Healthcare,No,73279,5,0.198,2,34,Yes
BID-2007,Manufacturing,No,154421,3,0.175,1,39,No
BID-2008,Education,yes,23229,6,0.163,2,20,No
BID-2009,Retail,No,146194,4,0.084,1,4,Yes
BID-2010,Finance,No,79364,5,0.156,2,13,No
BID-2011,Finance,No,68979,5,0.184,1,37,No
BID-2012,Healthcare,No ,63246,4,0.109,5,22,Yes
BID-2013,Healthcare,No,24358,1,0.228,1,12,Yes
BID-2014,Retail,Yes,47981,3,0.018,4,20,Yes
BID-2015,Government,No,28655,2,0.195,1,21,No
BID-2016,Energy,Yes,,2,0.185,3,30,Yes
BID-2017,Manufacturing,Yes,12000,6,0.075,4,3,Yes
BID-2018,Finance,No,65602,3,0.04,1,38,No
BID-2019,Retail,No,27300,2,0.232,2,42,Yes
BID-2020,,Yes,14885,5,0.171,4,38,Yes
BID-2021,Healthcare,Yes,18623,1,0.089,2,38,Yes
BID-2022,Energy,Yes,28382,6,0.062,5,32,Yes
BID-2023,Education,No,38886,6,0.113,1,25,No
BID-2024,Education,Yes,125775,1,0.028,,8,Yes
BID-2025,Energy,Yes,66707,3,0.016,3,24,Yes
BID-2026,Healthcare,Yes,22724,3,0.035,3,14,Yes
BID-2027,Retail,No,37952,3,0.038,1,14,No
BID-2028,Retail,No,54467,n/a,0.04,2,33,No
BID-2029,Education,Yes,53515,3,0.218,5,7,Yes
BID-2030,Manufacturing,Yes,42105,1,0.154,2,27,Yes
BID-2031,Energy,Yes,29184,3,0.071,2,40,Yes
BID-2032,Energy,No,TBD,1,0.185,2,22,Yes
BID-2033,Healthcare,No,62441,1,0.238,2,8,No
BID-2034,Energy,No,32173,2,0.139,2,33,Yes
BID-2035,Finance,No,67877,1,0.191,2,39,No
BID-2036,Finance,No,150177,6,0.137,9,33,No
BID-2037,Energy,No,63244,6,0.094,2,21,No
BID-2038,Government,No,20201,4,0.198,2,29,No
BID-2039,Government,No,41458,5,0.001,1,39,No
BID-2040,Education,No,296318,-2,0.142,1,5,Yes
BID-2041,Government,Yes,48283,6,0.073,5,42,Yes
BID-2042,Government,No,17135,4,0.045,1,7,No
BID-2043,Manufacturing,Yes,157031,1,0.031,3,5,Yes
BID-2044,Retail,No,26301,6,0.235,1,30,Yes
BID-2045,Government,No,74310,2,0.201,2,36,Yes
BID-2044,Retail,No,26301,6,0.235,1,30,Yes
BID-2046,Energy,No,15527,5,0.027,1,22,No
BID-2047,Energy,Yes,48533,3,0.015,4,39,Yes
BID-2048,Energy,No,12000,4,0.17,1,37,No
BID-2049,Finance,Yes,98772,1,0.054,2,6,Yes
BID-2050,Fintech (New),Yes,12000,6,0.094,5,34,Yes
BID-2051,Government,Yes,269052,2,0.065,4,3,Yes
BID-2052,Education,No,18088,3,0.171,1,20,Yes
BID-2053,Energy,Yes,164249,1,0.048,3,11,Yes
BID-2054,Healthcare,No,207708,4,0.19,1,8,No
BID-2055,Education,Yes,18596,2,0.134,4,32,Yes
BID-2056,Finance,No,43156,6,0.227,1,41,No
BID-2057,Healthcare,Yes,81136,2,0.118,3,15,Yes
BID-2058,Healthcare,Yes,94262,5,0.07,2,38,Yes
BID-2059,Manufacturing,Yes,113569,6,0.198,4,35,Yes
BID-2060,Retail,No,235906,2,0.144,1,43,Yes
BID-2061,Education,No,26368,6,0.054,1,31,No
BID-2062,Manufacturing,No,28829,6,0.234,2,24,No
BID-2063,Finance,No,66696,5,0.081,1,15,No
BID-2064,Healthcare,No,125000,4,0.145,1,38,Yes
BID-2065,Education,Yes,61012,1,0.193,3,21,Yes
BID-2066,Government,Yes,260593,4,0.107,4,12,Yes
BID-2067,Energy,Yes,17394,5,0.047,3,13,Yes
BID-2068,Government,Yes,317262,6,0.138,4,19,Yes
BID-2069,Education,No,213270,1,0.102,1,36,Yes
BID-2070,Education,No,113709,5,0.247,1,9,No
BID-2071,Healthcare,No,73033,3,0.084,2,22,No
BID-2072,Manufacturing,No,29735,4,0.151,2,42,No
BID-2073,Energy,Yes,62800,4,0.194,4,38,Yes
BID-2074,Energy,Yes,55771,5,0.118,3,24,Yes
BID-2075,Finance,No,50477,3,0.22,2,11,Yes
BID-2076,Healthcare,Yes,63572,6,0.149,4,11,Yes
BID-2077,Education,Yes,173903,1,0.122,5,13,Yes
BID-2078,Manufacturing,No,176337,6,0.013,1,23,No
BID-2079,Finance,Yes,179292,2,0.06,5,37,Yes
BID-2080,Finance,Yes,29657,4,0.101,3,11,Yes
BID-2081,Energy,Yes,47643,2,0.082,5,5,Yes
BID-2082,Manufacturing,Yes,179601,4,0.055,4,36,Yes
BID-2083,Finance,No,155202,5,0.073,2,22,No
BID-2084,Finance,No,18973,1,0.195,2,33,Yes
BID-2085,Manufacturing,No,13946,2,0.039,2,17,Yes
BID-2086,Manufacturing,No,68159,3,0.084,1,3,Yes
BID-2087,Education,Yes,76212,4,0.099,2,32,Yes
BID-2088,Manufacturing,No,118058,2,0.121,2,16,Yes
BID-2089,Finance,No,12000,2,0.012,1,30,No
BID-2090,Finance,Yes,86036,4,0.087,3,28,No
BID-2091,Healthcare,Yes,49607,4,0.18,4,36,Yes
BID-2092,Retail,Yes,39255,3,0.073,2,12,Yes
BID-2093,Government,No,29990,3,0.167,2,7,No
BID-2094,Healthcare,No,112307,1,0.131,1,4,Yes
BID-2095,Education,No,66150,1,0.062,2,40,Yes
BID-2096,Government,No,128374,4,0.122,1,13,No
BID-2097,Education,No,149838,2,0.063,2,8,Yes
BID-2098,Energy,No,60078,3,0.097,1,43,No
BID-2099,Government,No,48366,4,0.054,2,11,Yes
BID-2100,Retail,No,76600,5,0.205,2,34,Yes
BID-2101,Manufacturing,No,102161,4,0.042,2,36,No
BID-2102,Government,Yes,63704,1,0.126,5,30,Yes
BID-2103,Finance,No,44632,2,0.106,1,10,No
BID-2104,Manufacturing,No,46479,4,0.164,2,31,Yes
BID-2105,Finance,No,117511,3,0.155,1,23,No
BID-2106,Education,Yes,81927,3,0.173,5,41,Yes
BID-2107,Education,No,59064,5,0.234,2,31,Yes
BID-2108,Healthcare,No,53554,5,0.03,1,44,No
BID-2109,Finance,Yes,59206,6,0.142,3,17,Yes
BID-2110,Government,No,44579,3,0.155,2,16,No
BID-2111,Retail,No,12000,5,0.18,1,7,Yes
BID-2112,Retail,No,78728,6,0.209,2,3,No
BID-2113,Retail,Yes,52813,6,0.113,4,14,Yes
BID-2114,Education,No,16005,4,0.084,2,17,No
BID-2115,Finance,No,24405,4,0.17,1,43,No
BID-2116,Finance,No,209619,1,0.073,1,40,No
BID-2117,Retail,No,78014,2,0.151,2,37,Yes
BID-2118,Retail,Yes,23473,6,0.15,2,7,Yes
BID-2119,Retail,No,37896,3,0.195,2,12,Yes
BID-2120,Healthcare,No,138722,1,0.03,1,14,No
BID-2121,Finance,No,130402,2,0.198,2,18,Yes
BID-2122,Manufacturing,No,40502,1,0.022,2,37,Yes
BID-2123,Finance,No,58675,2,0.083,1,13,No
BID-2124,Energy,No,38112,3,0.007,1,38,No
BID-2125,Retail,No,114000,6,0.112,2,21,No
BID-2126,Energy,No,114202,3,0.167,2,14,No
BID-2127,Finance,Yes,82511,5,0.199,4,11,Yes
BID-2128,Education,Yes,140853,3,0.083,4,35,Yes
BID-2129,Retail,Yes,229005,3,0.231,5,15,Yes
BID-2130,Healthcare,Yes,81082,2,0.184,3,21,Yes
BID-2131,Government,No,93712,3,0.005,1,42,No
BID-2132,Retail,No,18211,2,0.18,1,24,Yes
BID-2133,Government,No,24096,3,0.038,1,25,No
BID-2134,Energy,Yes,108672,1,0.095,5,29,Yes
BID-2135,Finance,Yes,120841,3,0.225,5,7,Yes
BID-2136,Finance,Yes,98309,2,0.069,4,16,Yes
BID-2137,Healthcare,No,33865,2,0.23,2,44,Yes
BID-2138,Manufacturing,No,42709,5,0.238,2,22,Yes
BID-2139,Finance,Yes,42192,3,0.114,4,12,Yes
BID-2140,Finance,Yes,62716,1,0.191,5,18,Yes
BID-2141,Manufacturing,Yes,27157,6,0.157,5,9,Yes
BID-2142,Energy,Yes,66148,6,0.05,2,7,Yes
BID-2143,Energy,Yes,65443,5,0.013,4,6,Yes
BID-2144,Energy,Yes,77018,4,0.244,2,17,Yes
BID-2145,Energy,Yes,20680,5,0.097,5,30,Yes
BID-2146,Finance,No,68524,1,0.236,2,23,Yes
BID-2147,Energy,No,100923,6,0.228,1,36,No
BID-2148,Energy,No,85201,1,0.139,2,20,Yes
BID-2149,Manufacturing,No,28225,2,0.244,1,38,Yes
BID-2150,Government,No,116910,4,0.198,1,33,No
